XML_file_name,View_name,Resource_name
confirmation_menu_layout,com.waz.zclient.ui.text.TypefaceTextView,ttv__confirmation__cancel
confirmation_menu_layout,com.waz.zclient.ui.text.TypefaceTextView,ttv__confirmation__confirm
single_input_box,FrameLayout,error_layout
single_input_box,com.waz.zclient.ui.text.TypefaceTextView,start_text
single_input_box,com.waz.zclient.ui.text.TypefaceTextView,error_text
single_input_box,com.waz.zclient.ui.text.TypefaceTextView,hint_text
single_input_box,ProgressBar,progress_bar
single_input_box,com.waz.zclient.ui.cursor.CursorEditText,edit_text
single_input_box,com.waz.zclient.common.views.GlyphButton,confirmation_button
voice_filter_grid,LinearLayout,ll__voice_filter__grid_container
voice_filter_grid,com.waz.zclient.pages.extendedcursor.voicefilter.WaveBinView,wbv__voice_filter
voice_filter_grid,FrameLayout,fl__voice_filter_time_hint__container
voice_filter_grid,com.waz.zclient.ui.text.TypefaceTextView,tv__track_time
voice_filter_grid,com.waz.zclient.ui.text.TypefaceTextView,tv__voice_filter__hint
fragment_preference_phone_number_verification,com.waz.zclient.ui.text.TypefaceTextView,tv__verification_description
fragment_preference_phone_number_verification,com.waz.zclient.ui.text.TypefaceTextView,tv__resend_button
fragment_preference_phone_number_verification,com.waz.zclient.ui.text.TypefaceTextView,tv__change_number_button
fragment_preference_phone_number_verification,com.waz.zclient.ui.text.TypefaceTextView,tv__back_button
fragment_preference_phone_number_verification,com.waz.zclient.ui.text.TypefaceTextView,tv__ok_button
fragment_preference_phone_number_verification,com.google.android.material.textfield.TextInputLayout,til__verification_code
fragment_preference_phone_number_verification,androidx.appcompat.widget.AppCompatEditText,et__verification_code__1
fragment_preference_phone_number_verification,androidx.appcompat.widget.AppCompatEditText,et__verification_code__2
fragment_preference_phone_number_verification,androidx.appcompat.widget.AppCompatEditText,et__verification_code__3
fragment_preference_phone_number_verification,androidx.appcompat.widget.AppCompatEditText,et__verification_code__4
fragment_preference_phone_number_verification,androidx.appcompat.widget.AppCompatEditText,et__verification_code__5
fragment_preference_phone_number_verification,androidx.appcompat.widget.AppCompatEditText,et__verification_code__6
voice_filter_control_record,LinearLayout,ll__voice_filter_hint_container
voice_filter_control_record,com.waz.zclient.pages.extendedcursor.voicefilter.WaveGraphView,wgv__voice_filter
voice_filter_control_record,com.waz.zclient.ui.text.TypefaceTextView,ttv__voice_filter__tap_to_record_1st_line
voice_filter_control_record,com.waz.zclient.ui.text.TypefaceTextView,ttv__voice_filter__tap_to_record_2nd_line_begin
voice_filter_control_record,com.waz.zclient.ui.text.TypefaceTextView,ttv__voice_filter__tap_to_record_2nd_line_end
voice_filter_control_filter,com.waz.zclient.ui.text.GlyphTextView,v__voice_re_record
voice_filter_control_filter,com.waz.zclient.ui.text.GlyphTextView,v__voice_approve
voice_filter_control_filter,com.waz.zclient.ui.text.GlyphTextView,v__voice_cancel
conversation_header_menu_collection_searching,item,action_collection
toolbar_close_white,item,close
toolbar_sketch,item,close
main_bottom_navigation_items,item,navigation_search
main_bottom_navigation_items,item,navigation_conversations
main_bottom_navigation_items,item,navigation_folders
main_bottom_navigation_items,item,navigation_archive
conversation_header_menu_collection,item,action_collection
toolbar_collection,item,close
conversation_header_menu_video,item,action_video_call
conversation_header_menu_video,item,action_audio_call
conversation_header_menu_audio,item,action_audio_call
fragment_single_image_collections,androidx.viewpager.widget.ViewPager,image_view_pager
fragment_participant,LinearLayout,ll__participant__container
fragment_participant,FrameLayout,fl__add_to_conversation__pickuser__container
fragment_participant,FrameLayout,fl__participant__overlay
fragment_participant,FrameLayout,fl__participant__settings_box
fragment_participant,FrameLayout,fl__participant__header__container
fragment_participant,FrameLayout,fl__participant__container
fragment_participants_header,androidx.appcompat.widget.Toolbar,t__participants__toolbar
fragment_participants_header,com.waz.zclient.ui.text.TypefaceTextView,participants__header
fragment_participants_header,com.waz.zclient.ui.text.TypefaceTextView,participants__header__username
fragment_participants_header,com.waz.zclient.ui.text.TypefaceTextView,confirmation_button
fragment_participants_header,com.waz.zclient.ui.text.GlyphTextView,close_button
view_team_tab,FrameLayout,team_icon_container
view_team_tab,RelativeLayout,team_name_container
view_team_tab,ImageView,team_icon
view_team_tab,com.waz.zclient.ui.views.CircleView,unread_indicator_icon
view_team_tab,com.waz.zclient.ui.views.CircleView,unread_indicator_text
view_team_tab,com.waz.zclient.ui.text.TypefaceTextView,team_name
preference_text_button,com.waz.zclient.ui.text.GlyphTextView,preference_icon_start
preference_text_button,com.waz.zclient.ui.text.GlyphTextView,preference_icon_end
preference_text_button,com.waz.zclient.ui.text.TypefaceTextView,preference_title
preference_text_button,com.waz.zclient.ui.text.TypefaceTextView,preference_subtitle
message_member_change_content,com.waz.zclient.messages.SystemMessageView,smv_header
layout_quick_reply_content,com.waz.zclient.ui.text.TypefaceTextView,ttv__quick_reply__content
message_missed_call_content,com.waz.zclient.ui.text.TypefaceTextView,tvMessage
message_missed_call_content,com.waz.zclient.ui.text.GlyphTextView,gtv__row_conversation__missed_call__icon
preferences_settings_layout,com.waz.zclient.common.views.FlatWireButton,profile_invite
preferences_settings_layout,com.waz.zclient.preferences.views.TextButton,settings_account
preferences_settings_layout,com.waz.zclient.preferences.views.TextButton,settings_devices
preferences_settings_layout,com.waz.zclient.preferences.views.TextButton,settings_options
preferences_settings_layout,com.waz.zclient.preferences.views.TextButton,settings_advanced
preferences_settings_layout,com.waz.zclient.preferences.views.TextButton,settings_support
preferences_settings_layout,com.waz.zclient.preferences.views.TextButton,settings_about
preferences_settings_layout,com.waz.zclient.preferences.views.TextButton,settings_dev
preferences_settings_layout,com.waz.zclient.preferences.views.TextButton,settings_avs
preferences_advanced_layout,com.waz.zclient.preferences.views.SwitchPreference,preferences_enable_logs
preferences_advanced_layout,com.waz.zclient.preferences.views.SwitchPreference,preferences_websocket_service
preferences_advanced_layout,com.waz.zclient.preferences.views.TextButton,preferences_debug_report
preferences_advanced_layout,com.waz.zclient.preferences.views.TextButton,preferences_reset_push
preferences_advanced_layout,com.waz.zclient.preferences.views.TextButton,preferences_slow_sync
preferences_advanced_layout,TextView,preferences_notifications_stats
guided_edit_text_sign_in__email,com.waz.zclient.ui.text.TypefaceTextView,ttv__profile__guidance
guided_edit_text_sign_in__email,com.waz.zclient.ui.text.TypefaceEditText,tet__profile__guided
guided_edit_text_sign_in__email,View,v__self_user__guided__dot
fragment_drawing,androidx.appcompat.widget.Toolbar,t_drawing_toolbar
fragment_drawing,HorizontalScrollView,hsv_color_picker_scroll_view
fragment_drawing,com.waz.zclient.ui.colorpicker.ColorPickerLayout,cpdl__color_layout
fragment_drawing,com.waz.zclient.ui.sketch.DrawingCanvasView,dcv__canvas
fragment_drawing,com.waz.zclient.ui.views.SketchEditText,et__sketch_text
fragment_drawing,com.waz.zclient.ui.text.GlyphTextView,gtv__drawing__gallery_button
fragment_drawing,com.waz.zclient.ui.text.GlyphTextView,gtv__drawing_button__sketch
fragment_drawing,com.waz.zclient.ui.text.GlyphTextView,gtv__drawing_button__emoji
fragment_drawing,com.waz.zclient.ui.text.GlyphTextView,gtv__drawing_button__text
fragment_drawing,com.waz.zclient.ui.views.CursorIconButton,tv__send_button
fragment_drawing,com.waz.zclient.ui.text.TypefaceTextView,tv__drawing_toolbar__title
fragment_drawing,com.waz.zclient.ui.text.TypefaceTextView,ttv__drawing__view__tip
fragment_drawing,View,v__tip_background
participants_no_result_info,com.waz.zclient.ui.text.TypefaceTextView,first_line
participants_no_result_info,com.waz.zclient.ui.text.TypefaceTextView,second_line
preference_switch,com.waz.zclient.ui.text.GlyphTextView,preference_icon_start
preference_switch,com.waz.zclient.ui.text.TypefaceTextView,preference_subtitle
preference_switch,com.waz.zclient.ui.text.TypefaceTextView,preference_title
preference_switch,Switch,preference_switch
fragment_create_account_legacy,ImageView,app_entry_logo_image
fragment_create_account_legacy,LinearLayout,app_entry_personal_pro_wrapper
fragment_create_account_legacy,LinearLayout,create_account_button
fragment_create_account_legacy,LinearLayout,create_team_button
fragment_create_account_legacy,com.waz.zclient.ui.text.TypefaceTextView,create_account_text
fragment_create_account_legacy,com.waz.zclient.ui.text.TypefaceTextView,create_team_text
set_password_scene,com.waz.zclient.ui.text.TypefaceTextView,title
set_password_scene,com.waz.zclient.ui.text.TypefaceTextView,subtitle
set_password_scene,com.waz.zclient.common.views.InputBox,input_field
confirmation_menu_light,FrameLayout,fl__confirmation_dialog__background
confirmation_menu_light,ImageView,backgroundImage
confirmation_menu_light,ImageView,icon
confirmation_menu_light,LinearLayout,ll__confirmation_dialog__message_container
confirmation_menu_light,com.waz.zclient.ui.text.GlyphTextView,cancel
confirmation_menu_light,com.waz.zclient.ui.text.TypefaceTextView,header
confirmation_menu_light,com.waz.zclient.ui.text.TypefaceTextView,text
confirmation_menu_light,com.waz.zclient.views.CheckBoxView,ll_confirmation_menu__checkbox_container
confirmation_menu_light,com.waz.zclient.ui.views.ZetaButton,negative
confirmation_menu_light,com.waz.zclient.ui.views.ZetaButton,positive
call_button_view,FrameLayout,icon_background
call_button_view,com.waz.zclient.ui.text.TypefaceTextView,text
call_button_view,com.waz.zclient.paintcode.GenericStyleKitView,icon
main,com.waz.zclient.common.views.BackgroundImageView,bl__background
main,LinearLayout,call_banner
main,com.waz.zclient.ui.text.GlyphTextView,muted_glyph
main,com.waz.zclient.ui.text.GlyphTextView,spacer_glyph
main,com.waz.zclient.ui.text.TypefaceTextView,call_banner_status
main,FrameLayout,fl_main_content
main,FrameLayout,fl__offline__container
main,com.waz.zclient.views.LoadingIndicatorView,progress_spinner
activity_settings_legacy,com.waz.zclient.common.views.BackgroundImageView,settings_background
activity_settings_legacy,FrameLayout,fl__root__camera
activity_settings_legacy,FrameLayout,content
activity_settings_legacy,FrameLayout,account_tabs_container
activity_settings_legacy,com.waz.zclient.views.LoadingIndicatorView,progress_spinner
activity_settings_legacy,LinearLayout,call_banner
activity_settings_legacy,androidx.appcompat.widget.Toolbar,toolbar
activity_settings_legacy,com.waz.zclient.ui.text.GlyphTextView,muted_glyph
activity_settings_legacy,com.waz.zclient.ui.text.GlyphTextView,spacer_glyph
activity_settings_legacy,com.waz.zclient.ui.text.TypefaceTextView,call_banner_status
activity_settings_legacy,com.waz.zclient.common.views.AccountTabsView,account_tabs
typing_indicator,View,top_background
typing_indicator,com.waz.zclient.ui.text.TypefaceTextView,ttv__typing_indicator_names
typing_indicator,com.waz.zclient.ui.text.GlyphTextView,gtv__is_typing_dots
typing_indicator,com.waz.zclient.ui.text.GlyphTextView,gtv__is_typing_pen
reply_view,ImageButton,reply_close
reply_view,RelativeLayout,reply_container
reply_view,TextView,reply_sender
reply_view,ImageView,reply_image
reply_view,com.waz.zclient.ui.text.LinkTextView,reply_content
guided_edit_text_sign_in__password,com.waz.zclient.ui.text.TypefaceTextView,ttv__profile__guidance
guided_edit_text_sign_in__password,com.waz.zclient.ui.text.TypefaceEditText,tet__profile__guided
guided_edit_text_sign_in__password,View,v__self_user__guided__dot
preferences_devices_layout,com.waz.zclient.ui.text.TypefaceTextView,current_device_title
preferences_devices_layout,com.waz.zclient.preferences.views.DeviceButton,current_device
preferences_devices_layout,LinearLayout,device_list
share_preview_image,ImageView,image_content
preference_dialog_accent_color_item,com.waz.zclient.ui.text.GlyphTextView,gtv__accent_color__selected
create_team_name_scene,com.waz.zclient.ui.text.TypefaceTextView,title
create_team_name_scene,com.waz.zclient.ui.text.TypefaceTextView,subtitle
create_team_name_scene,com.waz.zclient.ui.text.TypefaceTextView,about
create_team_name_scene,com.waz.zclient.common.views.InputBox,input_field
conv_list_item,com.waz.zclient.pages.main.conversationlist.views.row.MenuIndicatorView,conversation_menu_indicator
conv_list_item,androidx.constraintlayout.widget.ConstraintLayout,conversation_row_container
conv_list_item,com.waz.zclient.conversationlist.views.ConversationAvatarView,conversation_icon
conv_list_item,com.waz.zclient.ui.text.TypefaceTextView,conversation_title
conv_list_item,com.waz.zclient.ui.text.TypefaceTextView,conversation_subtitle
conv_list_item,com.waz.zclient.conversationlist.views.ConversationBadge,conversation_badge
conv_list_item,View,conversation_separator
message_user_content,com.waz.zclient.ui.text.TypefaceTextView,tvName
message_user_content,View,is_bot
message_user_content,com.waz.zclient.ui.text.GlyphTextView,gtvStateGlyph
message_user_content,com.waz.zclient.common.views.ChatHeadView,chathead
message_part_weblink_content,ImageView,iv__row_conversation__link_preview__image
message_part_weblink_content,com.waz.zclient.ui.text.TypefaceTextView,ttv__row_conversation__link_preview__title
message_part_weblink_content,com.waz.zclient.ui.text.TypefaceTextView,ttv__row_conversation__link_preview__url
tab_layout,com.waz.zclient.ui.text.TypefaceTextView,oid:id/text1
message_separator_large,com.waz.zclient.messages.UnreadDot,unread_dot
message_separator_large,com.waz.zclient.ui.text.TypefaceTextView,separator__time
camera_control_choose_image_source,com.waz.zclient.ui.text.GlyphTextView,gtv__camera_control__gallery
camera_control_choose_image_source,com.waz.zclient.ui.text.GlyphTextView,gtv__camera_control__take_a_picture
camera_control_choose_image_source,com.waz.zclient.ui.text.GlyphTextView,gtv__camera_control__close
sign_up_phone_scene,LinearLayout,ll__signup__country_code__button
sign_up_phone_scene,com.waz.zclient.ui.text.TypefaceTextView,terms_of_service_text
sign_up_phone_scene,com.waz.zclient.ui.text.TypefaceTextView,ttv_new_reg__signup__phone__country_name
sign_up_phone_scene,com.waz.zclient.ui.text.TypefaceTextView,tv__country_code
sign_up_phone_scene,com.waz.zclient.ui.text.TypefaceEditText,et__reg__phone
sign_up_phone_scene,com.waz.zclient.newreg.views.PhoneConfirmationButton,pcb__signin__email
fragment_update,com.waz.zclient.ui.views.ZetaButton,zb__update__download
popup_reply,androidx.appcompat.widget.Toolbar,toolbar
popup_reply,FrameLayout,fl__quick_reply__container
camera_top_control,com.waz.zclient.ui.text.GlyphTextView,gtv__camera__top_control__flash_setting
camera_top_control,com.waz.zclient.ui.text.GlyphTextView,gtv__camera__top_control__change_camera
fragment_integration_details,RelativeLayout,integration_top_toolbar
fragment_integration_details,com.waz.zclient.ui.text.GlyphTextView,integration_back
fragment_integration_details,com.waz.zclient.ui.text.GlyphTextView,integration_close
fragment_integration_details,com.waz.zclient.ui.text.TypefaceTextView,integration_title
fragment_integration_details,com.waz.zclient.ui.text.TypefaceTextView,integration_name
fragment_integration_details,com.waz.zclient.ui.text.TypefaceTextView,integration_summary
fragment_integration_details,com.waz.zclient.ui.text.TypefaceTextView,integration_description
fragment_integration_details,com.waz.zclient.ui.text.TypefaceTextView,button_text
fragment_integration_details,ImageView,integration_picture
fragment_integration_details,FrameLayout,add_remove_service_button
fragment_participants_not_tabbed,androidx.recyclerview.widget.RecyclerView,not_tabbed_recycler_view
fragment_participants_not_tabbed,com.waz.zclient.views.menus.FooterMenu,not_tabbed_footer
conv_list_section_header,ImageView,conv_list_section_imageview_expand
conv_list_section_header,com.waz.zclient.ui.text.TypefaceTextView,conv_list_section_textview_title
conv_list_section_header,com.waz.zclient.conversationlist.views.ConversationBadge,folder_badge_text
guest_options_fragment,com.waz.zclient.ui.text.TypefaceTextView,guest_toggle_description
guest_options_fragment,com.waz.zclient.ui.text.TypefaceTextView,guest_toggle_title
guest_options_fragment,com.waz.zclient.ui.text.TypefaceTextView,link_description
guest_options_fragment,com.waz.zclient.ui.text.TypefaceTextView,link_button_link_text
guest_options_fragment,LinearLayout,guest_link_options
guest_options_fragment,androidx.appcompat.widget.SwitchCompat,guest_toggle
guest_options_fragment,FrameLayout,link_button
guest_options_fragment,com.waz.zclient.common.views.MenuRowButton,copy_link_button
guest_options_fragment,com.waz.zclient.common.views.MenuRowButton,share_link
guest_options_fragment,com.waz.zclient.common.views.MenuRowButton,revoke_link_button
guest_options_fragment,com.waz.zclient.common.views.MenuRowButton,link_button_create_link
message_conversation_start_content,com.waz.zclient.ui.text.TypefaceTextView,conversation_start_subtext
message_conversation_start_content,com.waz.zclient.ui.text.TypefaceTextView,introduction_message
preferences_account_layout,com.waz.zclient.preferences.views.TextButton,preferences_account_name
preferences_account_layout,com.waz.zclient.preferences.views.TextButton,preferences_account_handle
preferences_account_layout,com.waz.zclient.preferences.views.TextButton,preferences_account_email
preferences_account_layout,com.waz.zclient.preferences.views.TextButton,preferences_account_phone
preferences_account_layout,com.waz.zclient.preferences.views.TextButton,preferences_data_usage_permissions
preferences_account_layout,com.waz.zclient.preferences.views.TextButton,preferences_backup
preferences_account_layout,com.waz.zclient.preferences.views.TextButton,preferences_account_reset_pw
preferences_account_layout,com.waz.zclient.preferences.views.TextButton,preferences_account_logout
preferences_account_layout,com.waz.zclient.preferences.views.TextButton,preferences_account_delete
preferences_account_layout,com.waz.zclient.ui.text.TypefaceTextView,preferences_account_appearance_header
preferences_account_layout,com.waz.zclient.ui.text.TypefaceTextView,preference_personal_information_header
preferences_account_layout,com.waz.zclient.ui.text.TypefaceTextView,typefaceTextView
preferences_account_layout,com.waz.zclient.preferences.views.PictureTextButton,preferences_account_picture
preferences_account_layout,com.waz.zclient.preferences.views.PictureTextButton,preferences_account_accent
preferences_account_layout,com.waz.zclient.preferences.views.SwitchPreference,preferences_account_read_receipts
share_preview_file,com.waz.zclient.ui.text.TypefaceTextView,file_name
share_preview_file,com.waz.zclient.ui.text.TypefaceTextView,file_info
message_footer_like_details,com.waz.zclient.ui.text.TypefaceTextView,like__description
preferences_avs_layout,com.waz.zclient.preferences.views.TextButton,avs__logging
preferences_avs_layout,com.waz.zclient.preferences.views.TextButton,avs__post_session_id
preferences_avs_layout,com.waz.zclient.preferences.views.TextButton,avs__last_session_id
preference_dialog_add_email_password,com.google.android.material.textfield.TextInputLayout,til__preferences__email
preference_dialog_add_email_password,com.google.android.material.textfield.TextInputLayout,til__preferences__password
preference_dialog_add_email_password,androidx.appcompat.widget.AppCompatEditText,acet__preferences__email
preference_dialog_add_email_password,androidx.appcompat.widget.AppCompatEditText,acet__preferences__password
preference_dialog_add_email_password,com.waz.zclient.ui.text.TypefaceTextView,add_email_password_policy_hint
flat_wire_button,com.waz.zclient.ui.text.GlyphTextView,icon
flat_wire_button,com.waz.zclient.ui.text.TypefaceTextView,text
file_action_sheet_dialog,com.waz.zclient.ui.text.TypefaceTextView,ttv__file_action_dialog__open__no_app_found
file_action_sheet_dialog,com.waz.zclient.ui.text.TypefaceTextView,ttv__file_action_dialog__open
file_action_sheet_dialog,com.waz.zclient.ui.text.TypefaceTextView,ttv__file_action_dialog__save
fragment_single_otr_client,com.waz.zclient.ui.text.GlyphTextView,back
fragment_single_otr_client,com.waz.zclient.ui.text.GlyphTextView,close
fragment_single_otr_client,com.waz.zclient.ui.text.TypefaceTextView,my_fingerprint
fragment_single_otr_client,com.waz.zclient.ui.text.TypefaceTextView,client_description
fragment_single_otr_client,com.waz.zclient.ui.text.TypefaceTextView,how_to_link
fragment_single_otr_client,com.waz.zclient.ui.text.TypefaceTextView,client_type
fragment_single_otr_client,com.waz.zclient.ui.text.TypefaceTextView,client_id
fragment_single_otr_client,com.waz.zclient.ui.text.TypefaceTextView,fingerprint
fragment_single_otr_client,com.waz.zclient.ui.text.TypefaceTextView,my_devices
fragment_single_otr_client,com.waz.zclient.ui.text.TypefaceTextView,client_reset
fragment_single_otr_client,com.waz.zclient.ui.views.e2ee.OtrSwitch,verify_switch
layout_default_toolbar,com.waz.zclient.ui.text.TypefaceTextView,fragment_default_toolbar_textview_title
layout_default_toolbar,com.waz.zclient.ui.text.TypefaceTextView,fragment_default_toolbar_textview_action
message_reply_content_outer,LinearLayout,quote_container
message_reply_content_outer,LinearLayout,content
message_reply_content_outer,com.waz.zclient.ui.text.TypefaceTextView,name
message_reply_content_outer,com.waz.zclient.ui.text.TypefaceTextView,timestamp
remove_otr_device_dialog,ScrollView,remove_otr_device_scrollview
remove_otr_device_dialog,com.waz.zclient.ui.text.TypefaceTextView,device_forgot_password
remove_otr_device_dialog,com.google.android.material.textfield.TextInputLayout,til__remove_otr_device
remove_otr_device_dialog,com.google.android.material.textfield.TextInputEditText,acet__remove_otr__password
message_connect_request,com.waz.zclient.common.views.UserDetailsView,udv__row_conversation__connect_request__user_details
message_connect_request,com.waz.zclient.common.views.ChatHeadView,cv__row_conversation__connect_request__chat_head
message_connect_request,com.waz.zclient.ui.text.TypefaceTextView,ttv__row_conversation__connect_request__label
message_image_content,FrameLayout,image_container
message_image_content,ImageView,image
message_image_content,com.waz.zclient.ui.text.GlyphTextView,image_icon
preference_picture_text_button,ImageView,preference_icon_start
preference_picture_text_button,ImageView,preference_icon_end
preference_picture_text_button,com.waz.zclient.ui.text.TypefaceTextView,preference_title
preference_picture_text_button,com.waz.zclient.ui.text.TypefaceTextView,preference_subtitle
fragment_sso_webview,androidx.appcompat.widget.Toolbar,toolbar
fragment_sso_webview,WebView,web_view
fragment_sso_webview,TextView,title
conv_badge,com.waz.zclient.ui.text.TypefaceTextView,status_pill_text
conv_badge,com.waz.zclient.ui.text.GlyphTextView,status_pill_glyph
conv_badge,com.waz.zclient.conversationlist.views.ConversationBadgeStyleKitView,status_pill_style_kit
fragment_preference_email_verification,com.waz.zclient.ui.text.TypefaceTextView,tv__verification_description
fragment_preference_email_verification,com.waz.zclient.ui.text.TypefaceTextView,tv__resend_button
fragment_preference_email_verification,com.waz.zclient.ui.text.TypefaceTextView,tv__change_email_button
fragment_preference_email_verification,com.waz.zclient.ui.text.TypefaceTextView,tv__back_button
message_video_asset_content,FrameLayout,image_container
message_video_asset_content,FrameLayout,controls
message_video_asset_content,ImageView,image
message_video_asset_content,com.waz.zclient.messages.parts.assets.AssetActionButton,action_button
message_video_asset_content,com.waz.zclient.ui.text.TypefaceTextView,duration
view_toolbar_item,com.waz.zclient.common.views.GlyphButton,icon
fragment_collection,androidx.appcompat.widget.Toolbar,t_toolbar
fragment_collection,androidx.recyclerview.widget.RecyclerView,search_results_list
fragment_collection,com.waz.zclient.collection.views.CollectionRecyclerView,collection_list
fragment_collection,com.waz.zclient.ui.text.TypefaceTextView,no_search_results
fragment_collection,com.waz.zclient.ui.text.TypefaceTextView,tv__collection_toolbar__name
fragment_collection,com.waz.zclient.ui.text.TypefaceTextView,tv__collection_toolbar__timestamp
fragment_collection,com.waz.zclient.ui.text.TypefaceTextView,search_hint
fragment_collection,LinearLayout,ll__collection__empty
fragment_collection,FrameLayout,fl__collection_content
fragment_collection,com.waz.zclient.ui.text.TypefaceEditText,search_box
fragment_collection,com.waz.zclient.ui.text.GlyphTextView,search_close
fragment_calling_participants,androidx.appcompat.widget.Toolbar,toolbar
fragment_calling_participants,com.waz.zclient.calling.views.CallParticipantsView,full_call_participants
fragment_calling_participants,com.waz.zclient.ui.text.TypefaceTextView,participants__header
sign_in_email_scene,com.waz.zclient.pages.main.profile.views.GuidedEditText,get__sign_in__email
sign_in_email_scene,com.waz.zclient.pages.main.profile.views.GuidedEditText,get__sign_in__password
sign_in_email_scene,com.waz.zclient.newreg.views.PhoneConfirmationButton,pcb__signin__email
sign_in_email_scene,com.waz.zclient.ui.text.TypefaceTextView,ttv_signin_forgot_password
verify_email_scene,com.waz.zclient.ui.text.TypefaceTextView,title
verify_email_scene,com.waz.zclient.ui.text.TypefaceTextView,subtitle
verify_email_scene,com.waz.zclient.ui.text.TypefaceTextView,resend_email
verify_email_scene,com.waz.zclient.ui.text.TypefaceTextView,change_email
verify_email_scene,com.waz.zclient.common.views.NumberCodeInput,input_field
collection_message_file_asset_content,com.waz.zclient.messages.parts.assets.AssetActionButton,action_button
collection_message_file_asset_content,com.waz.zclient.ui.text.GlyphTextView,done_indicator
collection_message_file_asset_content,com.waz.zclient.ui.text.TypefaceTextView,file_name
collection_message_file_asset_content,com.waz.zclient.ui.text.TypefaceTextView,file_info
layout_quick_reply,com.waz.zclient.pages.main.popup.ViewPagerLikeRecyclerView,rv__quick_reply__content_container
layout_quick_reply,com.waz.zclient.ui.cursor.CursorEditText,tet__quick_reply__message
layout_quick_reply,LinearLayout,ll__quick_reply__open_external
layout_quick_reply,com.waz.zclient.ui.text.TypefaceTextView,ttv__quick_reply__name
layout_quick_reply,com.waz.zclient.ui.text.TypefaceTextView,ttv__quick_reply__counter
voice_filter_control_record_bottom,com.waz.zclient.ui.text.GlyphTextView,gtv__record_button
fragment_calling_controls,com.waz.zclient.calling.views.CallingHeader,calling_header
fragment_calling_controls,com.waz.zclient.calling.views.CallingMiddleLayout,calling_middle
fragment_calling_controls,com.waz.zclient.calling.views.ControlsView,controls_grid
all_participants_fragment,com.waz.zclient.usersearch.views.SearchEditText,search_box
all_participants_fragment,androidx.recyclerview.widget.RecyclerView,recycler_view
all_participants_fragment,com.waz.zclient.ui.text.TypefaceTextView,empty_search_message
preference_profile_picture_layout,ImageView,profile_user_picture
preference_profile_picture_layout,com.waz.zclient.common.views.GlyphButton,profile_user_camera
message__bottom__menu,com.waz.zclient.ui.text.TypefaceTextView,title
message__bottom__menu,LinearLayout,container
fragment_username_first_launch,com.waz.zclient.ui.text.TypefaceTextView,ttv__username
fragment_username_first_launch,com.waz.zclient.ui.text.TypefaceTextView,ttv__name
fragment_username_first_launch,com.waz.zclient.ui.text.TypefaceTextView,ttv__username_first_assign__summary
fragment_username_first_launch,com.waz.zclient.ui.views.ZetaButton,zb__username_first_assign__choose
fragment_username_first_launch,com.waz.zclient.ui.views.ZetaButton,zb__username_first_assign__keep
cursor_edit_toolbar_content,com.waz.zclient.ui.text.GlyphTextView,gtv__edit_message__reset
cursor_edit_toolbar_content,com.waz.zclient.ui.text.GlyphTextView,gtv__edit_message__approve
cursor_edit_toolbar_content,com.waz.zclient.ui.text.GlyphTextView,gtv__edit_message__close
confirmation_fragment,com.waz.zclient.views.menus.ConfirmationMenu,cm__confirm_menu
main_share,FrameLayout,fl_main_content
main_share,FrameLayout,fl_main_web_view
main_share,FrameLayout,fl__calling__container
main_share,FrameLayout,fl__offline__container
main_share,com.waz.zclient.views.menus.ConfirmationMenu,cm__conversation_list__login_prompt
message_audio_asset_content,com.waz.zclient.messages.parts.assets.AssetActionButton,action_button
message_audio_asset_content,com.waz.zclient.ui.text.TypefaceTextView,duration
message_audio_asset_content,SeekBar,progress
conversation_option_item,com.waz.zclient.ui.text.TypefaceTextView,text
conversation_option_item,com.waz.zclient.ui.text.GlyphTextView,glyph
conversation_option_item,View,separator
fragment_main,FrameLayout,fl_fragment_main_content
fragment_main,FrameLayout,fl__overlay_container
fragment_main,FrameLayout,fl_dialog_container
fragment_main,com.waz.zclient.views.menus.ConfirmationMenu,cm__confirm_action_light
fragment_participants_single_tabbed,com.waz.zclient.ui.text.TypefaceTextView,user_handle
fragment_participants_single_tabbed,com.waz.zclient.views.menus.FooterMenu,fm__footer
fragment_participants_single_tabbed,com.google.android.material.tabs.TabLayout,details_and_devices_tabs
fragment_participants_single_tabbed,androidx.recyclerview.widget.RecyclerView,details_recycler_view
fragment_participants_single_tabbed,androidx.recyclerview.widget.RecyclerView,devices_recycler_view
fragment_connectivity,com.waz.zclient.pages.main.connectivity.ConnectivityIndicatorView,civ__connectivity_indicator
fragment_connectivity,com.waz.zclient.views.LoadingIndicatorView,liv__server_connecting_indicator
fragment_connectivity,ImageView,iv__connectivity_foreground
fragment_camera,com.waz.zclient.camera.views.CameraPreviewTextureView,cptv__camera_preview
fragment_camera,com.waz.zclient.ui.text.TypefaceTextView,ttv__camera_not_available_message
fragment_camera,com.waz.zclient.pages.main.profile.camera.controls.CameraTopControl,ctp_top_controls
fragment_camera,FrameLayout,fl__preview_container
fragment_camera,com.waz.zclient.pages.main.profile.camera.controls.CameraBottomControl,cbc__bottom_controls
fragment_camera,com.waz.zclient.views.ProgressView,pv__preview
fragment_camera,com.waz.zclient.pages.main.profile.camera.CameraFocusView,cfv__focus
message_footer_content,com.waz.zclient.messages.parts.footer.LikeButton,like__button
message_footer_content,com.waz.zclient.messages.parts.footer.LikeDetailsView,like_details
message_footer_content,com.waz.zclient.ui.text.TypefaceTextView,timestamp_and_status
fragment_conversation,com.waz.zclient.conversation.toolbar.AudioMessageRecordingView,amrv_audio_message_recording
fragment_conversation,FrameLayout,fl__conversation_overlay
fragment_conversation,FrameLayout,guests_banner
fragment_conversation,com.waz.zclient.views.LoadingIndicatorView,lbv__conversation__loading_indicator
fragment_conversation,androidx.appcompat.widget.Toolbar,t_conversation_toolbar
fragment_conversation,com.waz.zclient.cursor.CursorView,cv__cursor
fragment_conversation,com.waz.zclient.pages.extendedcursor.ExtendedCursorContainer,ecc__conversation
fragment_conversation,androidx.appcompat.widget.ActionMenuView,conversation_left_menu
fragment_conversation,View,mentions_opacity
fragment_conversation,androidx.recyclerview.widget.RecyclerView,mentions_list
fragment_conversation,com.waz.zclient.views.e2ee.ShieldView,sv__conversation_toolbar__verified_shield
fragment_conversation,com.waz.zclient.ui.text.TypefaceTextView,tv__conversation_toolbar__title
fragment_conversation,com.waz.zclient.ui.text.TypefaceTextView,banner_text
fragment_conversation,com.waz.zclient.ui.text.GlyphTextView,conversation_toolbar__glyph_linedown
fragment_conversation,com.waz.zclient.messages.MessagesListView,messages_list_view
fragment_conversation,com.waz.zclient.conversation.ReplyView,reply_view
fragment_conversation,com.waz.zclient.conversation.TypingIndicatorView,tiv_typing_indicator_view
audio_quick_record_controls,FrameLayout,slide_control_container
audio_quick_record_controls,FrameLayout,slide_control
audio_quick_record_controls,FrameLayout,cancel_button_container
audio_quick_record_controls,FrameLayout,recording_indicator_container
audio_quick_record_controls,FrameLayout,send_button_container
audio_quick_record_controls,FrameLayout,bottom_button_container
audio_quick_record_controls,FrameLayout,recording_indicator_dot
audio_quick_record_controls,LinearLayout,close_button_container
audio_quick_record_controls,com.waz.zclient.ui.text.TypefaceTextView,controls_hint
audio_quick_record_controls,com.waz.zclient.ui.text.TypefaceTextView,recording__duration
audio_quick_record_controls,SeekBar,recording__seekbar
audio_quick_record_controls,com.waz.zclient.ui.text.GlyphTextView,send_button
audio_quick_record_controls,com.waz.zclient.ui.text.GlyphTextView,bottom_button
voice_filter_layout,com.waz.zclient.pages.extendedcursor.voicefilter.VoiceFilterContent,vfc
voice_filter_layout,com.waz.zclient.pages.extendedcursor.voicefilter.VoiceFilterToolbar,vft
participants_separator_row,com.waz.zclient.ui.text.TypefaceTextView,separator_title
participants_separator_row,com.waz.zclient.ui.text.TypefaceTextView,empty_section_info
cursor_images_layout,androidx.recyclerview.widget.RecyclerView,rv__cursor_images
cursor_images_layout,com.waz.zclient.ui.text.GlyphTextView,gtv__cursor_image__nav_camera_back
cursor_images_layout,com.waz.zclient.ui.text.GlyphTextView,gtv__cursor_image__nav_open_gallery
participant_footer_row,com.waz.zclient.ui.text.TypefaceTextView,read_receipts_info_title
participant_footer_row,com.waz.zclient.ui.text.TypefaceTextView,read_receipts_info_1
participant_footer_row,com.waz.zclient.ui.text.TypefaceTextView,read_receipts_info_2
system_message_content,com.waz.zclient.ui.text.GlyphTextView,gtv__system_message__icon
system_message_content,com.waz.zclient.common.views.LinkTextView,ttv__system_message__text
system_message_content,com.waz.zclient.ui.text.TypefaceTextView,service_warning_text
list_options_button_with_value_label,View,options_divider
list_options_button_with_value_label,ImageView,icon
list_options_button_with_value_label,ImageView,next_indicator
list_options_button_with_value_label,com.waz.zclient.ui.text.TypefaceTextView,name_text
list_options_button_with_value_label,com.waz.zclient.ui.text.TypefaceTextView,value_text
user__details,com.waz.zclient.ui.text.TypefaceTextView,user_name
user__details,com.waz.zclient.ui.text.TypefaceTextView,user_handle
row_participant_otr_header,com.waz.zclient.ui.text.TypefaceTextView,ttv__row__otr_header
row_participant_otr_header,com.waz.zclient.ui.text.TypefaceTextView,ttv__row__otr_details_link
fragment_group_participant,androidx.recyclerview.widget.RecyclerView,pgv__participants
fragment_group_participant,com.waz.zclient.views.menus.FooterMenu,fm__participants__footer
fragment_group_participant,com.waz.zclient.ui.views.ZetaButton,zb__single_user_participants__unblock_button
search_text_result_row,com.waz.zclient.common.views.ChatHeadView,chathead
search_text_result_row,com.waz.zclient.ui.text.TypefaceTextView,search_result_count
search_text_result_row,com.waz.zclient.ui.text.TypefaceTextView,message_content
search_text_result_row,com.waz.zclient.ui.text.TypefaceTextView,message_info
message_youtube_content,ImageView,gtv__youtube_message__preview
message_youtube_content,ImageView,youtube_logo
message_youtube_content,com.waz.zclient.ui.text.GlyphTextView,gtv__youtube_message__play
message_youtube_content,com.waz.zclient.ui.text.TypefaceTextView,ttv__youtube_message__error
message_youtube_content,com.waz.zclient.ui.text.TypefaceTextView,ttv__youtube_message__title
row_collection_header,com.waz.zclient.ui.text.GlyphTextView,gtv_collection_icon
row_collection_header,com.waz.zclient.ui.text.GlyphTextView,gtv__arrow
row_collection_header,com.waz.zclient.ui.text.TypefaceTextView,ttv__collection_header__name
row_collection_header,com.waz.zclient.ui.text.TypefaceTextView,ttv__collection_header__count
row_collection_header,View,view
preferences_options_layout,com.waz.zclient.preferences.views.SwitchPreference,preferences_contacts
preferences_options_layout,com.waz.zclient.preferences.views.SwitchPreference,preferences_vbr
preferences_options_layout,com.waz.zclient.preferences.views.SwitchPreference,preferences_vibration
preferences_options_layout,com.waz.zclient.preferences.views.SwitchPreference,preferences_dark_theme
preferences_options_layout,com.waz.zclient.preferences.views.SwitchPreference,preferences_send_button
preferences_options_layout,com.waz.zclient.preferences.views.SwitchPreference,preferences_app_lock
preferences_options_layout,com.waz.zclient.preferences.views.SwitchPreference,preferences_incognito_keyboard
preferences_options_layout,com.waz.zclient.preferences.views.SwitchPreference,preferences_hide_screen
preferences_options_layout,com.waz.zclient.preferences.views.SwitchPreference,preferences_message_previews
preferences_options_layout,com.waz.zclient.preferences.views.SwitchPreference,preferences_options_image_download
preferences_options_layout,com.waz.zclient.preferences.views.TextButton,preferences_sounds
preferences_options_layout,com.waz.zclient.preferences.views.TextButton,preference_sounds_ringtone
preferences_options_layout,com.waz.zclient.preferences.views.TextButton,preference_sounds_text
preferences_options_layout,com.waz.zclient.preferences.views.TextButton,preference_sounds_ping
connectivity_indicator,com.waz.zclient.ui.text.TypefaceTextView,no-internet-bar
ll__user_profile__footer,LinearLayout,ll__participants__left__action
ll__user_profile__footer,LinearLayout,ll__participants__right__action
ll__user_profile__footer,com.waz.zclient.ui.text.GlyphTextView,gtv__participants__left__action
ll__user_profile__footer,com.waz.zclient.ui.text.GlyphTextView,gtv__participants__right__action
ll__user_profile__footer,com.waz.zclient.ui.text.TypefaceTextView,ttv__participants__left_label
ll__user_profile__footer,com.waz.zclient.ui.text.TypefaceTextView,ttv__participants__right_label
top_user_chathead,com.waz.zclient.common.views.ChatHeadView,cv__chathead
top_user_chathead,ImageView,iv__availability_icon
top_user_chathead,com.waz.zclient.ui.text.TypefaceTextView,ttv__text_view
sign_in_phone_scene,LinearLayout,ll__signup__country_code__button
sign_in_phone_scene,com.waz.zclient.ui.text.TypefaceTextView,ttv_new_reg__signup__phone__country_name
sign_in_phone_scene,com.waz.zclient.ui.text.TypefaceTextView,tv__country_code
sign_in_phone_scene,com.waz.zclient.ui.text.TypefaceEditText,et__reg__phone
sign_in_phone_scene,com.waz.zclient.newreg.views.PhoneConfirmationButton,pcb__signin__email
dialog_checkbox,CheckBox,checkbox
message_button,com.waz.zclient.messages.parts.composite.ButtonWithConfirmation,message_button_item_button
message_button,ProgressBar,message_button_item_progressbar
message_button,TextView,message_button_item_error_text
sign_in_fragment,com.waz.zclient.ui.text.GlyphTextView,close_button
sign_in_fragment,com.waz.zclient.ui.views.tab.TabIndicatorLayout,til__app_entry
sign_in_fragment,FrameLayout,sign_in_container
sign_in_fragment,com.waz.zclient.ui.text.TypefaceTextView,ttv__new_reg__sign_in__go_to__email
sign_in_fragment,com.waz.zclient.ui.text.TypefaceTextView,ttv__new_reg__sign_in__go_to__phone
edit_name_dialog,com.waz.zclient.ui.text.TypefaceEditText,edit_text
view_account_tab,ImageView,team_icon
view_account_tab,com.waz.zclient.ui.views.CircleView,unread_indicator_icon
fragment_pager_second,FrameLayout,fl__second_page_container
fragment_pager_second,FrameLayout,fl__root__camera
create_conv_settings_fragment,com.waz.zclient.common.views.InputBox,input_box
create_conv_settings_fragment,com.waz.zclient.ui.text.TypefaceTextView,call_info
create_conv_settings_fragment,com.waz.zclient.ui.text.TypefaceTextView,guest_toggle_description
create_conv_settings_fragment,com.waz.zclient.ui.text.TypefaceTextView,read_receipts_toggle_description
create_conv_settings_fragment,com.waz.zclient.ui.text.TypefaceTextView,allow_guests_title
create_conv_settings_fragment,com.waz.zclient.ui.text.TypefaceTextView,read_receipts_title
create_conv_settings_fragment,com.waz.zclient.ui.text.TypefaceTextView,create_conv_options_title
create_conv_settings_fragment,com.waz.zclient.ui.text.TypefaceTextView,create_conv_options_subtitle
create_conv_settings_fragment,RelativeLayout,create_conv_options
create_conv_settings_fragment,LinearLayout,guest_toggle_row
create_conv_settings_fragment,LinearLayout,read_receipts_toggle_row
create_conv_settings_fragment,ImageView,create_conv_options_icon
create_conv_settings_fragment,ImageView,allow_guests_icon
create_conv_settings_fragment,ImageView,read_receipts_icon
create_conv_settings_fragment,androidx.appcompat.widget.SwitchCompat,guest_toggle
create_conv_settings_fragment,androidx.appcompat.widget.SwitchCompat,read_receipts_toggle
view_conversation_avatar,com.waz.zclient.common.views.ChatHeadView,avatar_single
view_conversation_avatar,com.waz.zclient.common.views.ChatHeadView,conversation_avatar_start_top
view_conversation_avatar,com.waz.zclient.common.views.ChatHeadView,conversation_avatar_end_top
view_conversation_avatar,com.waz.zclient.common.views.ChatHeadView,conversation_avatar_start_bottom
view_conversation_avatar,com.waz.zclient.common.views.ChatHeadView,conversation_avatar_end_bottom
view_conversation_avatar,com.waz.zclient.common.views.ChatHeadView,conversation_avatar_single_group
view_conversation_avatar,androidx.cardview.widget.CardView,avatar_group
dialog_with_input_field,TextView,message
dialog_with_input_field,com.google.android.material.textfield.TextInputLayout,dialogWithInputTextInputLayout
dialog_with_input_field,com.google.android.material.textfield.TextInputEditText,input
message_ping_content,com.waz.zclient.ui.text.TypefaceTextView,ttv__row_conversation__ping_message
message_ping_content,com.waz.zclient.ui.text.GlyphTextView,gtv__ping_icon
message_ping_content,com.waz.zclient.common.views.ChatHeadView,chathead
message__bottom__menu__row,View,icon
message__bottom__menu__row,com.waz.zclient.ui.text.TypefaceTextView,text
message__bottom__menu__row,com.waz.zclient.ui.text.GlyphTextView,tick
fragment_giphy_preview,androidx.appcompat.widget.Toolbar,t__giphy__toolbar
fragment_giphy_preview,com.waz.zclient.pages.main.profile.views.ConfirmationMenu,cm__giphy_preview__confirmation_menu
fragment_giphy_preview,ImageView,giphy_preview
fragment_giphy_preview,com.waz.zclient.ui.text.TypefaceTextView,ttv__giphy_preview__error
fragment_giphy_preview,com.waz.zclient.ui.text.TypefaceTextView,ttv__giphy_preview__title
fragment_giphy_preview,androidx.recyclerview.widget.RecyclerView,rv__giphy_image_preview
fragment_giphy_preview,com.waz.zclient.ui.cursor.CursorEditText,cet__giphy_preview__search
fragment_giphy_preview,com.waz.zclient.ui.text.GlyphTextView,gtv__giphy_preview__close_button
share_preview_text,com.waz.zclient.ui.text.TypefaceTextView,text_content
preferences_profile_layout,com.waz.zclient.ui.text.TypefaceTextView,profile_user_name
preferences_profile_layout,com.waz.zclient.ui.text.TypefaceTextView,profile_user_handle
preferences_profile_layout,com.waz.zclient.ui.text.TypefaceTextView,profile_user_team
preferences_profile_layout,com.waz.zclient.views.UpdateAvailabilityView,profile_user_availability
preferences_profile_layout,View,settings_team_divider
preferences_profile_layout,com.waz.zclient.preferences.views.TextButton,settings_team
preferences_profile_layout,com.waz.zclient.preferences.views.TextButton,profile_settings
preferences_profile_layout,com.waz.zclient.preferences.views.TextButton,profile_new
preferences_profile_layout,ImageView,profile_user_picture
participant_header_row,com.waz.zclient.common.views.ChatHeadView,chathead
participant_header_row,LinearLayout,guest_indicator
participant_header_row,LinearLayout,external_indicator
participant_header_row,LinearLayout,group_admin_indicator
participant_header_row,com.waz.zclient.ui.text.TypefaceTextView,expiration_time
participant_header_row,com.waz.zclient.ui.text.TypefaceTextView,information
participant_header_row,ImageView,guest_indicator_icon
participant_header_row,ImageView,participant_external_indicator_icon
participant_header_row,ImageView,group_admin_indicator_icon
fragment_calling,androidx.gridlayout.widget.GridLayout,video_grid
fragment_calling,androidx.cardview.widget.CardView,preview_card_view
fragment_calling,FrameLayout,controls_layout
message_text_content,com.waz.zclient.ui.text.LinkTextView,text
message_rename_content,com.waz.zclient.messages.SystemMessageView,smv_header
message_rename_content,com.waz.zclient.ui.text.TypefaceTextView,ttv__new_conversation_name
fragment_location,androidx.appcompat.widget.Toolbar,t_location_toolbar
fragment_location,com.waz.zclient.ui.views.TouchRegisteringFrameLayout,trfl_location_touch_registerer
fragment_location,com.google.android.gms.maps.MapView,mv_map
fragment_location,ImageView,iv__selected_location__background
fragment_location,com.waz.zclient.ui.text.GlyphTextView,gtv__selected_location__pin
fragment_location,com.waz.zclient.ui.text.GlyphTextView,gtv__location__current__button
fragment_location,LinearLayout,ll_selected_location_details
fragment_location,com.waz.zclient.ui.text.TypefaceTextView,ttv__location_send_button
fragment_location,com.waz.zclient.ui.text.TypefaceTextView,tv__location_toolbar__title
fragment_location,com.waz.zclient.ui.text.TypefaceTextView,ttv__location_address
fragment_main_start_add_email,com.waz.zclient.ui.text.GlyphTextView,back_button
fragment_main_start_add_email,com.waz.zclient.pages.main.profile.views.GuidedEditText,email_field
fragment_main_start_add_email,com.waz.zclient.newreg.views.PhoneConfirmationButton,confirmation_button
fragment_otr_device_limit,com.waz.zclient.ui.views.ZetaButton,zb__otr_device_limit__logout
fragment_otr_device_limit,com.waz.zclient.ui.views.ZetaButton,zb__otr_device_limit__manage_devices
read_receipts_row,LinearLayout,participants_read_receipts_row
read_receipts_row,com.waz.zclient.ui.text.TypefaceTextView,read_receipts_toggle_description
read_receipts_row,com.waz.zclient.ui.text.TypefaceTextView,participants_read_receipts_title
read_receipts_row,ImageView,participants_read_receipts_icon
read_receipts_row,androidx.appcompat.widget.SwitchCompat,participants_read_receipts_toggle
fragment_image,androidx.appcompat.widget.Toolbar,header_toolbar
fragment_image,com.waz.zclient.conversation.toolbar.CustomToolbarFrame,bottom_toolbar
fragment_image,View,background
fragment_image,ImageView,animating_image
fragment_image,com.waz.zclient.conversation.ImageViewPager,image_view_pager
fragment_image,com.waz.zclient.ui.text.TypefaceTextView,header_toolbar__title
fragment_image,com.waz.zclient.ui.text.TypefaceTextView,header_toolbar__timestamp
menu_row_button,com.waz.zclient.ui.text.GlyphTextView,icon
menu_row_button,com.waz.zclient.ui.text.TypefaceTextView,text
menu_row_button,ProgressBar,progress_bar
menu_row_button,View,divider
collection_message_part_simple_link_content,com.waz.zclient.ui.text.TypefaceTextView,ttv__row_conversation__link_preview__url
fragment_cursor_images_preview,ImageView,iv__conversation__preview
fragment_cursor_images_preview,FrameLayout,ttv__image_preview__title__container
fragment_cursor_images_preview,com.waz.zclient.ui.text.TypefaceTextView,ttv__image_preview__title
fragment_cursor_images_preview,LinearLayout,ll__preview__sketch
fragment_cursor_images_preview,com.waz.zclient.pages.main.profile.views.ConfirmationMenu,cm__cursor_preview
fragment_cursor_images_preview,com.waz.zclient.ui.text.GlyphTextView,gtv__preview__drawing_button__sketch
fragment_cursor_images_preview,com.waz.zclient.ui.text.GlyphTextView,gtv__preview__drawing_button__emoji
fragment_cursor_images_preview,com.waz.zclient.ui.text.GlyphTextView,gtv__preview__drawing_button__text
fragment_main_start_set_password,com.waz.zclient.ui.text.TypefaceTextView,info_text_header
fragment_main_start_set_password,com.waz.zclient.ui.text.TypefaceTextView,info_text
fragment_main_start_set_password,com.waz.zclient.ui.text.TypefaceTextView,set_password_policy_hint
fragment_main_start_set_password,com.waz.zclient.ui.text.TypefaceTextView,ttv_signin_forgot_password
fragment_main_start_set_password,com.waz.zclient.pages.main.profile.views.GuidedEditText,password_field
fragment_main_start_set_password,com.waz.zclient.newreg.views.PhoneConfirmationButton,confirmation_button
cursor_view_content,View,v__top_bar__cursor
cursor_view_content,View,v__cursor__divider
cursor_view_content,com.waz.zclient.cursor.CursorToolbarContainer,cal__cursor
cursor_view_content,com.waz.zclient.cursor.TooltipView,ctv__cursor
cursor_view_content,com.waz.zclient.cursor.CursorToolbar,c__cursor__main
cursor_view_content,com.waz.zclient.cursor.CursorToolbar,c__cursor__secondary
cursor_view_content,com.waz.zclient.cursor.EditCursorToolbar,emct__edit_message__toolbar
cursor_view_content,FrameLayout,fl__cursor__emoji_container
cursor_view_content,com.waz.zclient.cursor.EphemeralTimerButton,cib__ephemeral
cursor_view_content,com.waz.zclient.cursor.SendButton,cib__send
cursor_view_content,com.waz.zclient.cursor.CursorIconButton,cib__emoji
cursor_view_content,com.waz.zclient.cursor.CursorIconButton,cib__keyboard
cursor_view_content,com.waz.zclient.ui.cursor.CursorEditText,cet__cursor
cursor_view_content,com.waz.zclient.ui.text.TypefaceTextView,ttv__cursor_hint
fragment_participants_connect,androidx.recyclerview.widget.RecyclerView,not_tabbed_recycler_view
fragment_participants_connect,LinearLayout,ll__connect_request__accept_menu
fragment_participants_connect,com.waz.zclient.views.menus.FooterMenu,not_tabbed_footer
fragment_participants_connect,com.waz.zclient.ui.views.ZetaButton,zb__connect_request__ignore_button
fragment_participants_connect,com.waz.zclient.ui.views.ZetaButton,zb__connect_request__accept_button
preferences_device_details_layout,com.waz.zclient.ui.text.TypefaceTextView,device_detail_name
preferences_device_details_layout,com.waz.zclient.ui.text.TypefaceTextView,device_detail_id
preferences_device_details_layout,com.waz.zclient.ui.text.TypefaceTextView,device_detail_activated
preferences_device_details_layout,LinearLayout,fingerprint_group
preferences_device_details_layout,LinearLayout,device_detail_actions
preferences_device_details_layout,com.waz.zclient.preferences.views.TextButton,device_detail_fingerprint
preferences_device_details_layout,com.waz.zclient.preferences.views.TextButton,device_detail_reset
preferences_device_details_layout,com.waz.zclient.preferences.views.TextButton,device_detail_remove
preferences_device_details_layout,com.waz.zclient.preferences.views.SwitchPreference,device_detail_verified
row_participant_otr_device,View,v__row_otr__divider
row_participant_otr_device,ImageView,iv__row_otr_icon
row_participant_otr_device,com.waz.zclient.ui.text.TypefaceTextView,ttv__row_otr_device
view_conv_list_top,View,conversation_list__border
view_conv_list_top,FrameLayout,button_container
view_conv_list_top,com.waz.zclient.ui.text.TypefaceTextView,conversation_list_title
view_conv_list_top,ImageView,conversation_list_settings
view_conv_list_top,com.waz.zclient.common.views.GlyphButton,conversation_list_close
view_conv_list_top,com.waz.zclient.ui.views.CircleView,conversation_list_settings_indicator
message_readreceipts_content,com.waz.zclient.messages.SystemMessageView,message_read_receipts
create_conv_pick_fragment,androidx.appcompat.widget.Toolbar,toolbar
create_conv_pick_fragment,com.waz.zclient.ui.text.TypefaceTextView,header
create_conv_pick_fragment,com.waz.zclient.ui.text.TypefaceTextView,confirmation_button
create_conv_pick_fragment,com.waz.zclient.ui.text.TypefaceTextView,empty_search_message
create_conv_pick_fragment,com.waz.zclient.ui.text.TypefaceTextView,empty_services_button
create_conv_pick_fragment,com.waz.zclient.usersearch.views.SearchEditText,search_box
create_conv_pick_fragment,com.google.android.material.tabs.TabLayout,add_users_tabs
create_conv_pick_fragment,androidx.recyclerview.widget.RecyclerView,recycler_view
create_conv_pick_fragment,ImageView,empty_services_icon
message_separator,com.waz.zclient.messages.UnreadDot,unread_dot
message_separator,com.waz.zclient.ui.text.TypefaceTextView,separator__time
full_sync_dialog,TextView,full_sync_text
tab_with_theme_medium_layout,com.waz.zclient.ui.text.TypefaceTextView,oid:id/text1
preference_devices_button,com.waz.zclient.ui.text.GlyphTextView,preference_icon_start
preference_devices_button,com.waz.zclient.ui.text.GlyphTextView,preference_icon_end
preference_devices_button,FrameLayout,count_badge
preference_devices_button,com.waz.zclient.ui.text.TypefaceTextView,preference_title
preference_devices_button,com.waz.zclient.ui.text.TypefaceTextView,preference_subtitle
preference_devices_button,com.waz.zclient.ui.text.TypefaceTextView,count_text
row_selectable_conversation,androidx.appcompat.widget.AppCompatCheckBox,rb__conversation_selected
row_selectable_conversation,com.waz.zclient.ui.text.TypefaceTextView,ttv__conversation_name
collection_item_metadata,com.waz.zclient.ui.text.TypefaceTextView,ttv__collection_item__user_name
collection_item_metadata,com.waz.zclient.ui.text.TypefaceTextView,ttv__collection_item__time
ephemeral_options_fragment,LinearLayout,ephemeral_options_list_view
ephemeral_options_fragment,LinearLayout,list_view
ephemeral_options_fragment,com.waz.zclient.ui.text.TypefaceTextView,ephemeral_explanation_text
participant_custom_field_row,com.waz.zclient.ui.text.TypefaceTextView,custom_field_name
participant_custom_field_row,com.waz.zclient.ui.text.TypefaceTextView,custom_field_value
sent_invite_layout,com.waz.zclient.ui.text.TypefaceTextView,invited_email_text
sent_invite_layout,com.waz.zclient.ui.text.GlyphTextView,status_icon
backup_export_layout,com.waz.zclient.paintcode.RestoreIconView,backup_export_icon
backup_export_layout,com.waz.zclient.common.views.MenuRowButton,backup_button
search_edit_text,com.waz.zclient.usersearch.views.PickerSpannableEditText,edit_text
search_edit_text,com.waz.zclient.ui.text.TypefaceTextView,hint
fragment_phone__country_dialog,ListView,lv__country_code
message_msg_timer_changed_content,com.waz.zclient.messages.SystemMessageView,message_view
data_usage_permissions_layout,com.waz.zclient.preferences.views.SwitchPreference,preferences_send_anonymous_data
data_usage_permissions_layout,com.waz.zclient.preferences.views.SwitchPreference,preferences_receive_news_and_offers
single_user_row_view,com.waz.zclient.common.views.ChatHeadView,chathead
single_user_row_view,LinearLayout,aux_container
single_user_row_view,View,separator
single_user_row_view,ImageView,verified_shield
single_user_row_view,ImageView,guest_indicator
single_user_row_view,ImageView,external_icon
single_user_row_view,ImageView,video_indicator
single_user_row_view,ImageView,next_indicator
single_user_row_view,androidx.appcompat.widget.AppCompatCheckBox,checkbox
single_user_row_view,com.waz.zclient.ui.text.TypefaceTextView,username_text
single_user_row_view,com.waz.zclient.ui.text.TypefaceTextView,name_text
single_user_row_view,com.waz.zclient.ui.text.TypefaceTextView,you_text
preference_dialog_add_phone,LinearLayout,ll__preferences__container
preference_dialog_add_phone,TextView,tv__preferences__error
preference_dialog_add_phone,androidx.appcompat.widget.AppCompatEditText,acet__preferences__country
preference_dialog_add_phone,androidx.appcompat.widget.AppCompatEditText,acet__preferences__phone
conversation_name_row,com.waz.zclient.ui.text.TypefaceTextView,call_info
conversation_name_row,ImageView,conversation_verified_shield
conversation_name_row,com.waz.zclient.ui.text.TypefaceEditText,conversation_name_edit_text
conversation_name_row,com.waz.zclient.ui.text.GlyphTextView,conversation_name_edit_glyph
fragment_collection_share,com.waz.zclient.common.views.AccountTabsView,account_tabs
fragment_collection_share,RelativeLayout,content_container
fragment_collection_share,com.waz.zclient.usersearch.views.SearchEditText,multi_share_search_box
fragment_collection_share,androidx.recyclerview.widget.RecyclerView,lv__conversation_list
fragment_collection_share,com.waz.zclient.common.views.AnimatedBottomContainer,ephemeral_container
fragment_collection_share,com.waz.zclient.ui.views.CursorIconButton,cib__send_button
fragment_collection_share,com.waz.zclient.cursor.EphemeralTimerButton,ephemeral_toggle
calling_middle_layout,com.waz.zclient.common.views.ChatHeadView,call_chathead
calling_middle_layout,com.waz.zclient.calling.views.CallParticipantsView,call_participants
availability_menu,LinearLayout,availability__choose_none
availability_menu,LinearLayout,availability__choose_available
availability_menu,LinearLayout,availability__choose_busy
availability_menu,LinearLayout,availability__choose_away
availability_menu,ImageView,iv__image_available
availability_menu,ImageView,iv__image_busy
availability_menu,ImageView,iv__image_away
item_camera_cursor,com.waz.zclient.camera.views.CameraPreviewTextureView,cp__small_camera_preview
item_camera_cursor,ProgressBar,pb__cursor_images
item_camera_cursor,com.waz.zclient.ui.text.TypefaceTextView,ttv__camera_not_available_message
item_camera_cursor,com.waz.zclient.ui.text.GlyphTextView,gtv__cursor_image__front_back
item_camera_cursor,com.waz.zclient.ui.text.GlyphTextView,gtv__cursor_image__open_camera
item_camera_cursor,com.waz.zclient.ui.text.GlyphTextView,gtv__cursor_image__take_picture
item_camera_cursor,com.waz.zclient.ui.text.GlyphTextView,gtv__cursor_image__open_video
conv_list_item_behind,View,v__row_conversation__menu_indicator__first_dot
conv_list_item_behind,View,v__row_conversation__menu_indicator__second_dot
fragment_likes_and_reads,com.waz.zclient.ui.text.TypefaceTextView,message_timestamp
fragment_likes_and_reads,com.waz.zclient.ui.text.TypefaceTextView,message_details_title
fragment_likes_and_reads,com.waz.zclient.ui.text.TypefaceTextView,empty_list_text
fragment_likes_and_reads,com.waz.zclient.ui.text.GlyphTextView,likes_close_button
fragment_likes_and_reads,com.google.android.material.tabs.TabLayout,likes_and_reads_tabs
fragment_likes_and_reads,androidx.recyclerview.widget.RecyclerView,reads_recycler_view
fragment_likes_and_reads,androidx.recyclerview.widget.RecyclerView,likes_recycler_view
fragment_likes_and_reads,LinearLayout,empty_list_view
fragment_likes_and_reads,com.waz.zclient.paintcode.GenericStyleKitView,empty_list_icon
notifications_options_fragment,LinearLayout,notifications_options_list_view
notifications_options_fragment,LinearLayout,list_view
notifications_options_fragment,com.waz.zclient.ui.text.TypefaceTextView,notifications_explanation_text
video_call_info_view,ImageView,image_view
video_call_info_view,LinearLayout,video_call_info
video_call_info_view,com.waz.zclient.paintcode.GenericStyleKitView,mute_icon
video_call_info_view,com.waz.zclient.ui.text.TypefaceTextView,paused_text_view
voice_filter_grid_icon,com.waz.zclient.ui.text.GlyphTextView,gtv__voice_filter_icon
tab_with_theme_layout,com.waz.zclient.ui.text.TypefaceTextView,oid:id/text1
message_reply_content_image,ImageView,image
message_reply_content_image,com.waz.zclient.ui.text.GlyphTextView,image_icon
message_footer_like_button,com.waz.zclient.ui.text.GlyphTextView,like__button_constant
message_footer_like_button,com.waz.zclient.ui.text.GlyphTextView,like__button_animation
fragment_create_new_folder,include,fragment_create_new_folder_toolbar
fragment_create_new_folder,com.waz.zclient.ui.text.TypefaceTextView,fragment_create_new_folder_textview_info
fragment_create_new_folder,com.waz.zclient.common.views.InputBox,fragment_create_new_folder_inputbox_folder_name
fragment_phone__name,com.waz.zclient.ui.text.TypefaceEditText,et__reg__name
fragment_phone__name,com.waz.zclient.newreg.views.PhoneConfirmationButton,pcb__signup
set_email_scene,com.waz.zclient.ui.text.TypefaceTextView,title
set_email_scene,com.waz.zclient.ui.text.TypefaceTextView,subtitle
set_email_scene,com.waz.zclient.ui.text.TypefaceTextView,about_button
set_email_scene,com.waz.zclient.common.views.InputBox,input_field
guided_edit_text_sign_in__name,com.waz.zclient.ui.text.TypefaceTextView,ttv__profile__guidance
guided_edit_text_sign_in__name,com.waz.zclient.ui.text.TypefaceEditText,tet__profile__guided
guided_edit_text_sign_in__name,View,v__self_user__guided__dot
availability_view,com.waz.zclient.ui.text.TypefaceTextView,ttv__availability__text
availability_view,com.waz.zclient.ui.text.GlyphTextView,gtv__setstatus__icon
fragment_sign_up_picture_content,LinearLayout,ll__init_photo__loading_container
fragment_sign_up_picture_content,com.waz.zclient.views.ProgressView,pv__init_photo__loading
fragment_sign_up_picture_content,com.waz.zclient.ui.views.ZetaButton,zb__choose_own_picture
fragment_sign_up_picture_content,com.waz.zclient.ui.views.ZetaButton,zb__keep_picture
row__country,com.waz.zclient.ui.text.TypefaceTextView,ttv_new_reg__signup__phone__country__row
row__country,com.waz.zclient.ui.text.TypefaceTextView,ttv_new_reg__signup__phone__country__row_code
fragment_create_conversation_manager,include,fragment_create_conversation_manager_toolbar
fragment_create_conversation_manager,FrameLayout,fragment_create_conversation_manager_layout_container
checkbox,com.waz.zclient.ui.text.GlyphTextView,gtv__checkbox_icon
checkbox,com.waz.zclient.ui.text.TypefaceTextView,ttv__checkbox_label
fragment_conversation_list,com.waz.zclient.conversationlist.views.NormalTopToolbar,conversation_list_top_toolbar
fragment_conversation_list,LinearLayout,conversation_list_loading_indicator
fragment_conversation_list,LinearLayout,empty_list_message
fragment_conversation_list,com.waz.zclient.pages.main.conversationlist.views.listview.SwipeListView,conversation_list_view
fragment_conversation_list,com.waz.zclient.ui.text.TypefaceTextView,conversation_list_empty_title
fragment_conversation_list,com.waz.zclient.ui.text.TypefaceTextView,conversation_list_empty_subtitle
fragment_conversation_list,ImageView,empty_list_arrow
invite_list_header,com.waz.zclient.ui.text.TypefaceTextView,title
invite_list_header,com.waz.zclient.ui.text.TypefaceTextView,subtitle
message_location_content,FrameLayout,fl__row_conversation__map_image_container
message_location_content,com.waz.zclient.ui.text.TypefaceTextView,ttv__row_conversation_map_name
message_location_content,com.waz.zclient.ui.text.TypefaceTextView,ttv__row_conversation_map_image_placeholder_text
message_location_content,ImageView,location_image
message_location_content,com.waz.zclient.ui.text.GlyphTextView,gtv__row_conversation__map_pin_glyph
fragment_change_username_preference_dialog,com.waz.zclient.ui.text.TypefaceTextView,tv__back_button
fragment_change_username_preference_dialog,com.waz.zclient.ui.text.TypefaceTextView,tv__ok_button
fragment_change_username_preference_dialog,com.google.android.material.textfield.TextInputLayout,til__change_username
fragment_change_username_preference_dialog,androidx.appcompat.widget.AppCompatTextView,act__at
fragment_change_username_preference_dialog,com.waz.zclient.views.LoadingIndicatorView,liv__username_verifying_indicator
fragment_change_username_preference_dialog,androidx.appcompat.widget.AppCompatEditText,acet__change_username
participant_user_name_row,com.waz.zclient.ui.text.TypefaceTextView,user_name
participant_user_name_row,com.waz.zclient.ui.text.TypefaceTextView,user_handle
activity_signup,FrameLayout,fl_main_content
activity_signup,FrameLayout,container__country_box
activity_signup,com.waz.zclient.views.LoadingIndicatorView,liv__progress
activity_signup,com.waz.zclient.ui.text.GlyphTextView,close_button
activity_signup,com.waz.zclient.ui.text.TypefaceTextView,skip_button
fragment_email_code_activation,com.waz.zclient.views.feedback.FeedbackCheckmarkView,fl__confirmation_checkmark
fragment_email_code_activation,LinearLayout,ll__activation_button__back
fragment_email_code_activation,com.waz.zclient.ui.text.GlyphTextView,gtv__not_now__close
fragment_email_code_activation,com.waz.zclient.ui.text.TypefaceTextView,ttv__info_text
fragment_email_code_activation,com.waz.zclient.ui.text.TypefaceTextView,ttv__resend_button
fragment_email_code_activation,com.waz.zclient.ui.text.TypefaceTextView,ttv__resend_timer
fragment_email_code_activation,com.waz.zclient.ui.text.TypefaceEditText,et__reg__code
fragment_email_code_activation,com.waz.zclient.newreg.views.PhoneConfirmationButton,pcb__activate
code_input,LinearLayout,container
code_input,ProgressBar,progress_bar
code_input,com.waz.zclient.ui.text.TypefaceTextView,empty_search_message
code_input,com.waz.zclient.ui.text.TypefaceTextView,t1
code_input,com.waz.zclient.ui.text.TypefaceTextView,t2
code_input,com.waz.zclient.ui.text.TypefaceTextView,t3
code_input,com.waz.zclient.ui.text.TypefaceTextView,t4
code_input,com.waz.zclient.ui.text.TypefaceTextView,t5
code_input,com.waz.zclient.ui.text.TypefaceTextView,t6
code_input,com.waz.zclient.ui.cursor.CursorEditText,code_edit_text
list_options_button,com.waz.zclient.ui.text.GlyphTextView,icon
list_options_button,ImageView,next_indicator
list_options_button,com.waz.zclient.ui.text.TypefaceTextView,name_text
preferences_dev_layout,com.waz.zclient.preferences.views.SwitchPreference,preferences_dev_auto_answer
preferences_dev_layout,com.waz.zclient.preferences.views.SwitchPreference,preferences_dev_full_conv
preferences_dev_layout,com.waz.zclient.preferences.views.SwitchPreference,preferences_dev_gcm
preferences_dev_layout,com.waz.zclient.preferences.views.TextButton,preferences_dev_versions
preferences_dev_layout,com.waz.zclient.preferences.views.TextButton,preferences_dev_generate_random_lastid
preferences_dev_layout,com.waz.zclient.preferences.views.TextButton,register_another_client
preferences_dev_layout,com.waz.zclient.preferences.views.TextButton,preferences_dev_websocket_freq
preferences_dev_layout,com.waz.zclient.preferences.views.TextButton,preferences_dev_check_push_tokens
preferences_dev_layout,com.waz.zclient.preferences.views.TextButton,preferences_dev_check_rooted_device
view_toolbar_send_item,com.waz.zclient.common.views.GlyphButton,icon
fragment_custom_backend_login,androidx.constraintlayout.widget.Guideline,customBackendSsoLoginGuideline
fragment_custom_backend_login,TextView,customBackendTitleTextView
fragment_custom_backend_login,TextView,customBackendSubtitleTextView
fragment_custom_backend_login,TextView,customBackendShowMoreTextView
fragment_custom_backend_login,TextView,customBackendWelcomeTextView
fragment_custom_backend_login,Button,customBackendEmailLoginButton
fragment_custom_backend_login,Button,customBackendSsoLoginButton
item_folder_selection,com.waz.zclient.ui.text.GlyphTextView,item_folder_selection_textview_icon
item_folder_selection,com.waz.zclient.ui.text.TypefaceTextView,item_folder_selection_textview_folder_name
fragment_pick_user,LinearLayout,top_background_layout
fragment_pick_user,RelativeLayout,empty_list_button
fragment_pick_user,com.waz.zclient.common.views.FlatWireButton,invite_button
fragment_pick_user,androidx.appcompat.widget.Toolbar,pickuser_toolbar
fragment_pick_user,com.waz.zclient.usersearch.views.SearchEditText,sbv__search_box
fragment_pick_user,com.google.android.material.tabs.TabLayout,pick_user_tabs
fragment_pick_user,com.waz.zclient.ui.text.GlyphTextView,icon
fragment_pick_user,androidx.recyclerview.widget.RecyclerView,rv__pickuser__header_list_view
fragment_pick_user,com.waz.zclient.ui.text.TypefaceTextView,pickuser_title
fragment_pick_user,com.waz.zclient.ui.text.TypefaceTextView,pickuser__error_text
fragment_pick_user,com.waz.zclient.ui.text.TypefaceTextView,empty_services_button
fragment_pick_user,ImageView,empty_services_icon
message_file_asset_content,com.waz.zclient.messages.parts.assets.AssetActionButton,action_button
message_file_asset_content,com.waz.zclient.ui.text.GlyphTextView,done_indicator
message_file_asset_content,com.waz.zclient.ui.text.TypefaceTextView,file_name
message_file_asset_content,com.waz.zclient.ui.text.TypefaceTextView,file_info
fragment_phone__activation,com.waz.zclient.views.feedback.FeedbackCheckmarkView,fl__confirmation_checkmark
fragment_phone__activation,LinearLayout,ll__activation_button__back
fragment_phone__activation,com.waz.zclient.ui.text.GlyphTextView,gtv__not_now__close
fragment_phone__activation,com.waz.zclient.ui.text.TypefaceTextView,ttv__info_text
fragment_phone__activation,com.waz.zclient.ui.text.TypefaceTextView,ttv__resend_button
fragment_phone__activation,com.waz.zclient.ui.text.TypefaceTextView,ttv__call_me_button
fragment_phone__activation,com.waz.zclient.ui.text.TypefaceTextView,ttv__resend_timer
fragment_phone__activation,com.waz.zclient.ui.text.TypefaceEditText,et__reg__code
fragment_phone__activation,com.waz.zclient.newreg.views.PhoneConfirmationButton,pcb__activate
fragment_move_to_folder,androidx.appcompat.widget.Toolbar,fragment_move_to_folder_toolbar
fragment_move_to_folder,FrameLayout,fragment_move_to_folder_framelayout_container
fragment_move_to_folder,com.waz.zclient.ui.text.TypefaceTextView,fragment_move_to_folder_textview_navigation
fragment_move_to_folder,com.waz.zclient.ui.text.GlyphTextView,fragment_move_to_folder_textview_create
fragment_archive_list,com.waz.zclient.conversationlist.views.ArchiveTopToolbar,conversation_list_top_toolbar
fragment_archive_list,com.waz.zclient.pages.main.conversationlist.views.listview.SwipeListView,conversation_list_view
calling__controls__grid,com.waz.zclient.calling.views.CallControlButtonView,mute_call
calling__controls__grid,com.waz.zclient.calling.views.CallControlButtonView,video_call
calling__controls__grid,com.waz.zclient.calling.views.CallControlButtonView,speaker_flip_call
calling__controls__grid,com.waz.zclient.calling.views.CallControlButtonView,reject_call
calling__controls__grid,com.waz.zclient.calling.views.CallControlButtonView,end_call
calling__controls__grid,com.waz.zclient.calling.views.CallControlButtonView,accept_call
startui_button,View,icon
startui_button,com.waz.zclient.ui.text.TypefaceTextView,title
collection_message_part_weblink_content,com.waz.zclient.ui.text.TypefaceTextView,ttv__row_conversation__link_preview__title
collection_message_part_weblink_content,com.waz.zclient.ui.text.TypefaceTextView,ttv__row_conversation__link_preview__url
collection_message_part_weblink_content,ImageView,iv__row_conversation__link_preview__image
set_name_scene,com.waz.zclient.ui.text.TypefaceTextView,title
set_name_scene,com.waz.zclient.ui.text.TypefaceTextView,subtitle
set_name_scene,com.waz.zclient.common.views.InputBox,input_field
fragment_login_first_launch,com.waz.zclient.ui.text.TypefaceTextView,info_title
fragment_login_first_launch,com.waz.zclient.ui.text.TypefaceTextView,info_text
fragment_login_first_launch,com.waz.zclient.ui.views.ZetaButton,restore_button
fragment_login_first_launch,com.waz.zclient.ui.views.ZetaButton,zb__first_launch__confirm
group_admin_row,LinearLayout,participant_group_admin_row
group_admin_row,com.waz.zclient.ui.text.TypefaceTextView,participant_group_admin_description
group_admin_row,com.waz.zclient.ui.text.TypefaceTextView,participant_group_admin_title
group_admin_row,ImageView,participant_group_admin_icon
group_admin_row,androidx.appcompat.widget.SwitchCompat,participant_group_admin_toggle
view_custom_toolbar,com.waz.zclient.conversation.toolbar.CustomToolbar,toolbar_top
view_custom_toolbar,com.waz.zclient.conversation.toolbar.CustomToolbar,toolbar_bottom
backup_password_dialog,ScrollView,backup_password_scrollview
backup_password_dialog,com.google.android.material.textfield.TextInputLayout,backup_password_title
backup_password_dialog,androidx.appcompat.widget.AppCompatEditText,backup_password_field
sign_up_email_scene,com.waz.zclient.pages.main.profile.views.GuidedEditText,get__sign_in__name
sign_up_email_scene,com.waz.zclient.pages.main.profile.views.GuidedEditText,get__sign_in__email
sign_up_email_scene,com.waz.zclient.pages.main.profile.views.GuidedEditText,get__sign_in__password
sign_up_email_scene,FrameLayout,password_container
sign_up_email_scene,com.waz.zclient.ui.text.TypefaceTextView,password_policy_hint
sign_up_email_scene,com.waz.zclient.ui.text.TypefaceTextView,terms_of_service_text
sign_up_email_scene,com.waz.zclient.newreg.views.PhoneConfirmationButton,pcb__signin__email
invite_team_scene,androidx.recyclerview.widget.RecyclerView,sent_invites_list
invite_team_scene,com.waz.zclient.common.views.InputBox,input_field
invite_team_scene,com.waz.zclient.ui.text.TypefaceTextView,about_button
audio_message_recording_screen,LinearLayout,audio_recording_container
audio_message_recording_screen,LinearLayout,audio_recording_hint_container
audio_message_recording_screen,GridLayout,audio_filters_container
audio_message_recording_screen,FrameLayout,bottom_menu
audio_message_recording_screen,FrameLayout,fl__voice_filter_time_hint__container
audio_message_recording_screen,com.waz.zclient.pages.extendedcursor.voicefilter2.WaveGraphView,wave_graph_view
audio_message_recording_screen,com.waz.zclient.ui.text.GlyphTextViewSimple,voice_filter_none
audio_message_recording_screen,com.waz.zclient.ui.text.GlyphTextViewSimple,voice_filter_balloon
audio_message_recording_screen,com.waz.zclient.ui.text.GlyphTextViewSimple,voice_filter_jelly_fish
audio_message_recording_screen,com.waz.zclient.ui.text.GlyphTextViewSimple,voice_filter_rabbit
audio_message_recording_screen,com.waz.zclient.ui.text.GlyphTextViewSimple,voice_filter_church
audio_message_recording_screen,com.waz.zclient.ui.text.GlyphTextViewSimple,voice_filter_alien
audio_message_recording_screen,com.waz.zclient.ui.text.GlyphTextViewSimple,voice_filter_robot
audio_message_recording_screen,com.waz.zclient.ui.text.GlyphTextViewSimple,voice_filter_rollercoaster
audio_message_recording_screen,com.waz.zclient.ui.text.GlyphTextViewSimple,redo_button
audio_message_recording_screen,com.waz.zclient.ui.text.GlyphTextViewSimple,audio_center_button
audio_message_recording_screen,com.waz.zclient.ui.text.GlyphTextViewSimple,cancel_button
audio_message_recording_screen,com.waz.zclient.pages.extendedcursor.voicefilter2.WaveBinView,wave_bin_view
audio_message_recording_screen,androidx.appcompat.widget.AppCompatTextView,ttv__voice_filter__tap_to_record_1st_line
audio_message_recording_screen,androidx.appcompat.widget.AppCompatTextView,time_label
audio_message_recording_screen,androidx.appcompat.widget.AppCompatTextView,audio_filters_hint
audio_message_recording_screen,androidx.appcompat.widget.AppCompatTextView,ttv__voice_filter__tap_to_record_2nd_line_begin
audio_message_recording_screen,androidx.appcompat.widget.AppCompatTextView,ttv__voice_filter__tap_to_record_2nd_line_end
calling_header,com.waz.zclient.common.views.GlyphButton,calling_header_close
calling_header,com.waz.zclient.ui.text.TypefaceTextView,ttv__calling__header__name
calling_header,com.waz.zclient.ui.text.TypefaceTextView,ttv__calling__header__subtitle
calling_header,com.waz.zclient.ui.text.TypefaceTextView,ttv__calling__header__bitrate
fragment_conversation_list_manager,FrameLayout,fl__conversation_list_main
fragment_conversation_list_manager,FrameLayout,fl__conversation_list__profile_overlay
fragment_conversation_list_manager,com.waz.zclient.views.LoadingIndicatorView,lbv__conversation_list__loading_indicator
fragment_conversation_list_manager,com.waz.zclient.views.LoadingIndicatorView,liv__conversations__loading_indicator
fragment_conversation_list_manager,com.waz.zclient.views.menus.ConfirmationMenu,cm__confirm_action_light
fragment_conversation_list_manager,View,fragment_conversation_list_manager_view_bottom_border
fragment_conversation_list_manager,com.google.android.material.bottomnavigation.BottomNavigationView,fragment_conversation_list_manager_bottom_navigation
message_wireless_link_content,com.waz.zclient.ui.text.TypefaceTextView,invite_button_description
message_wireless_link_content,com.waz.zclient.ui.text.TypefaceTextView,invite_button
fragment_welcome,androidx.constraintlayout.widget.Guideline,welcomeLogoGuideline
fragment_welcome,androidx.constraintlayout.widget.Guideline,welcomeTitleGuideline
fragment_welcome,androidx.constraintlayout.widget.Guideline,welcomeCreateAccountGuideline
fragment_welcome,androidx.constraintlayout.widget.Guideline,welcomeLoginGuideline
fragment_welcome,androidx.constraintlayout.widget.Guideline,welcomeEnterpriseLoginGuideline
fragment_welcome,androidx.appcompat.widget.AppCompatImageView,welcomeLogoImageView
fragment_welcome,androidx.appcompat.widget.AppCompatTextView,welcomeTitleTextView
fragment_welcome,androidx.appcompat.widget.AppCompatButton,welcomeCreateAccountButton
fragment_welcome,androidx.appcompat.widget.AppCompatButton,welcomeLoginButton
fragment_welcome,androidx.appcompat.widget.AppCompatButton,welcomeEnterpriseLoginButton
fragment_main_start_verify_email,com.waz.zclient.ui.text.TypefaceTextView,ttv__sign_up__check_email
fragment_main_start_verify_email,com.waz.zclient.ui.text.TypefaceTextView,ttv__sign_up__didnt_get
fragment_main_start_verify_email,com.waz.zclient.ui.text.TypefaceTextView,ttv__pending_email__resend
fragment_main_start_verify_email,LinearLayout,ll__activation_button__back
fragment_main_start_verify_email,com.waz.zclient.views.feedback.FeedbackCheckmarkView,fl__confirmation_checkmark
emoji_keyboard_layout,com.waz.zclient.ui.views.tab.TabIndicatorLayout,til__emoji_keyboard
emoji_keyboard_layout,androidx.recyclerview.widget.RecyclerView,rv__emoji_keyboard
fragment_conversation_manager,FrameLayout,fl__conversation_manager__message_list_container
single_image_view_toolbar_layout,com.waz.zclient.common.views.GlyphButton,toolbar_like
single_image_view_toolbar_layout,com.waz.zclient.common.views.GlyphButton,toolbar_download
single_image_view_toolbar_layout,com.waz.zclient.common.views.GlyphButton,toolbar_share
single_image_view_toolbar_layout,com.waz.zclient.common.views.GlyphButton,toolbar_delete
single_image_view_toolbar_layout,com.waz.zclient.common.views.GlyphButton,toolbar_view
loading_indicator_layout,com.waz.zclient.views.InfiniteLoadingBarView,indeterminate_bar
loading_indicator_layout,com.waz.zclient.views.ProgressLoadingBarView,loading_bar
loading_indicator_layout,com.waz.zclient.ui.text.GlyphTextView,spinner_complete_glyph
loading_indicator_layout,ProgressBar,indeterminate_spinner
loading_indicator_layout,com.waz.zclient.ui.text.TypefaceTextView,indeterminate_text
